Titles_length,Sentiments,Total_interactions
23,0.0005547455534653342,4
26,1.2049556042844494e-09,3
22,0.05531603058249793,1
20,0.0019342673709690304,2
33,0.0015687321486755213,1
26,0.0006726775042560703,2
31,0.019867779868620854,1
30,0.8903450885014017,4
22,0.0016075912014036813,1
19,0.005288365010621977,5
24,0.003609374513170023,12
24,0.013510334556252227,5
25,0.0004885432926233309,1
20,0.17973051301526927,1
24,0.0013055507487995464,1
